Date,polarity,volatility
2018-01-02,0.9498793482780457,0.0
2018-01-03,0.0,0.6716661284764643
2018-01-04,0.0,0.548413097425996
2018-01-05,0.833530604839325,0.5170126627299729
2018-01-08,-0.9719398617744446,0.7762110535425019
2018-01-09,0.0,0.6394546386626793
2018-01-10,0.0,0.6394546386626793
2018-01-11,-0.7862299680709839,0.7222545236131893
2018-01-12,0.9456790089607239,0.7624147786447322
2018-01-16,0.9560228586196899,0.7378330680387952
2018-01-17,0.9506736993789673,0.7868346415249702
2018-01-18,0.0,0.7868346415249702
2018-01-19,0.0,0.5207829926864502
2018-01-22,0.0,0.5221737823841477
2018-01-23,-0.9743914604187012,0.6806443076949282
2018-01-24,0.0,0.4357611084383022
2018-01-25,0.0,0.4357611084383022
2018-01-26,-0.9767235517501831,0.5343354883727601
2018-01-29,0.9272764325141907,0.7990025202617883
2018-01-30,0.0,0.6733018408038829
2018-01-31,0.0,0.6733018408038829
2018-02-01,0.0,0.6733018408038829
2018-02-02,0.0,0.4146906274070453
2018-02-05,0.0,0.0
2018-02-06,0.9373981356620789,0.41921719066439567
2018-02-07,0.0,0.41921719066439567
2018-02-08,0.957751452922821,0.5190579730858137
2018-02-09,0.0,0.5190579730858137
2018-02-12,0.0,0.5190579730858137
2018-02-13,-0.9756126999855042,0.6835649532267312
2018-02-14,0.0,0.6835649532267312
2018-02-15,0.0,0.43630726337593884
2018-02-16,0.6710288524627686,0.5881210753697222
2018-02-20,0.0,0.5881210753697222
2018-02-21,0.0,0.3000932257940854
2018-02-22,0.8489747047424316,0.4209975081121937
2018-02-23,0.9017928838729858,0.4503466928739907
2018-02-26,0.0,0.4798309662858387
2018-02-27,0.0,0.4798309662858387
2018-02-28,0.9526712894439697,0.49493804838249505
2018-03-01,0.0,0.5081843949570777
2018-03-02,0.9478195905685425,0.520473689295196
2018-03-05,0.9505664110183716,0.5205323064913049
2018-03-06,0.0,0.5205323064913049
2018-03-07,0.0,0.5198953249976472
2018-03-08,0.0,0.5198953249976472
2018-03-09,-0.9347909092903137,0.6665884736021926
2018-03-12,0.5704023241996765,0.5414418360625941
2018-03-13,0.0,0.5414418360625941
2018-03-14,0.9475617408752441,0.7122232659758405
2018-03-15,-0.9352290630340576,0.8583313515613363
2018-03-16,0.9245227575302124,0.7902946607121141
2018-03-19,0.0,0.7828999554458356
2018-03-20,0.0,0.7828999554458356
2018-03-21,0.0,0.6575280991218778
2018-03-22,0.0,0.4134591465166219
2018-03-23,0.0,0.0
2018-03-26,0.0,0.0
2018-03-27,0.0,0.0
2018-03-28,0.0,0.0
2018-03-29,0.0,0.0
2018-04-02,0.0,0.0
2018-04-03,-0.9747570157051086,0.43592458973229026
2018-04-04,0.9577292799949646,0.6832529957251046
2018-04-05,-0.8837915062904358,0.7883826765387192
2018-04-06,0.0,0.7883826765387192
2018-04-09,0.9195268154144287,0.9346046770724391
2018-04-10,0.0,0.7659092613766874
2018-04-11,-0.9634896516799927,0.7718133964446081
2018-04-12,0.0,0.665855713906198
2018-04-13,0.0,0.665855713906198
2018-04-16,0.0,0.4308856713548111
2018-04-17,0.9541093707084656,0.6779785030209136
2018-04-18,0.9582210183143616,0.5237152632531049
2018-04-19,0.0,0.5237152632531049
2018-04-20,-0.9757693409919739,0.8070329452220796
2018-04-23,0.9435412287712097,0.8608064756634982
2018-04-24,0.9469501376152039,0.8596096223409239
2018-04-25,0.803800642490387,0.8358441632866755
2018-04-26,0.0,0.8358441632866755
2018-04-27,0.0,0.4952873409872849
2018-04-30,0.0,0.48212663719953947
2018-05-01,0.8160461783409119,0.44363444790201795
2018-05-02,0.0,0.3649469455098389
2018-05-03,0.0,0.3649469455098389
2018-05-04,0.9294923543930054,0.4797151363590908
2018-05-07,-0.9580196738243103,0.7621764734736043
2018-05-08,0.7863718271255493,0.7558559259603973
2018-05-09,0.0,0.7558559259603973
2018-05-10,0.7675513625144958,0.79434044413182
2018-05-11,0.0,0.7166409910123689
2018-05-14,0.9541842937469482,0.4636439316392564
2018-05-15,0.0,0.4761113384815617
2018-05-16,-0.9764291048049927,0.7651666789191619
2018-05-17,0.9439401030540466,0.8038967500618172
2018-05-18,0.0,0.8038967500618172
2018-05-21,0.9380391240119934,0.800054671296867
2018-05-22,-0.9197759032249451,0.9447620534591776
2018-05-23,0.0,0.7797052297506355
2018-05-24,-0.9728409647941589,0.7889995119202132
2018-05-25,0.0,0.7889995119202132
2018-05-29,0.0,0.5186539147429629
2018-05-30,0.9269749522209167,0.6718037969907444
2018-05-31,0.0,0.6718037969907444
2018-06-01,0.7486491799354553,0.46319944683959874
2018-06-04,0.9395360350608826,0.48339258832779197
2018-06-05,0.0,0.4833925883277919
2018-06-06,0.947320282459259,0.48770929556727466
2018-06-07,0.7993566989898682,0.3936796743104062
2018-06-08,0.9520587921142578,0.4117421535113429
2018-06-11,0.0,0.4965299181113299
2018-06-12,0.9339861869812012,0.4110350418053891
2018-06-13,-0.9069459438323975,0.8074167540106431
2018-06-14,0.9150797128677368,0.8247856298875194
2018-06-15,0.0,0.767257131133836
2018-06-18,-0.5213326811790466,0.8319596447154332
2018-06-19,-0.9711790680885315,0.780099797310432
2018-06-20,0.7145141959190369,0.7998624350691308
2018-06-21,0.9563186168670654,0.8114327913567656
2018-06-22,0.0,0.8114327913567656
2018-06-25,0.9046941995620728,0.8173049836047899
2018-06-26,0.0,0.47876913789179265
2018-06-27,0.8442929983139038,0.4955077316332147
2018-06-28,0.0,0.4794556856624834
2018-06-29,0.0,0.4794556856624834
2018-07-02,0.0,0.37757930743140045
2018-07-03,0.0,0.37757930743140045
2018-07-05,-0.9347909092903137,0.41805120358439535
2018-07-06,0.0,0.41805120358439535
2018-07-09,0.0,0.41805120358439535
2018-07-10,0.5419299006462097,0.5330699079116282
2018-07-11,0.0,0.5330699079116282
2018-07-12,0.0,0.24235841937692562
2018-07-13,0.9095008969306946,0.41819541685114214
2018-07-16,0.0,0.41819541685114214
2018-07-17,-0.9708424806594849,0.6650139934226811
2018-07-18,0.0,0.6650139934226811
2018-07-19,0.8211737871170044,0.7629849928009274
2018-07-20,0.9229493141174316,0.766339409742776
2018-07-23,-0.9755206108093262,0.9236012676900652
2018-07-24,-0.969833493232727,0.9233472408159242
2018-07-25,0.0,0.9233472408159242
2018-07-26,0.8728678822517395,0.9356119635905413
2018-07-27,0.5390222668647766,0.8496681782483549
2018-07-30,-0.9542818665504456,0.8442747325629812
2018-07-31,0.0,0.6930397096875235
2018-08-01,0.0,0.6930397096875235
2018-08-02,0.0,0.5400719345552089
2018-08-03,0.0,0.4267678246604352
2018-08-06,0.0,0.0
2018-08-07,0.9246811866760254,0.4135299981845531
2018-08-08,-0.8924322724342346,0.6425073266859995
2018-08-09,0.7143956422805786,0.7159497490793781
2018-08-10,0.0,0.7159497490793781
2018-08-13,0.0,0.7159497490793781
2018-08-14,0.0,0.570187926533068
2018-08-15,0.0,0.31948744379379934
2018-08-16,0.0,0.0
2018-08-17,0.0,0.0
2018-08-20,0.9336785674095154,0.4175537491724593
2018-08-21,0.0,0.4175537491724593
2018-08-22,0.0,0.4175537491724593
2018-08-23,-0.9719226360321045,0.6738131706776214
2018-08-24,0.0,0.6738131706776214
2018-08-27,0.0,0.43465701660771394
2018-08-28,-0.964765727519989,0.5303899876329559
2018-08-29,0.0,0.5303899876329559
2018-08-30,0.6744764447212219,0.5849867113745806
2018-08-31,0.0,0.5849867113745806
2018-09-04,0.952399730682373,0.7424753500025243
2018-09-05,0.0,0.45624513791066074
2018-09-06,-0.5683679580688477,0.6043463262099702
2018-09-07,0.9541494250297546,0.6675257906071157
2018-09-10,0.8360867500305176,0.6881245054436168
2018-09-11,-0.9528493881225586,0.8405254375997335
2018-09-12,0.0,0.8405254375997335
2018-09-13,0.9108649492263794,0.8270069927811616
2018-09-14,0.9518585801124573,0.8265888995644004
2018-09-17,0.0,0.7870923513377577
2018-09-18,0.0,0.5103336954661069
2018-09-19,0.9474213719367981,0.5133064618316224
2018-09-20,0.0,0.5201416021827768
2018-09-21,0.0,0.42369971819735835
2018-09-24,-0.9590585827827454,0.6740499863282761
2018-09-25,0.0,0.6740499863282761
2018-09-26,0.6239753365516663,0.567160124976417
2018-09-27,0.0,0.567160124976417
2018-09-28,0.9323899745941162,0.7257986265156607
2018-10-01,-0.9560666084289551,0.724687508275899
2018-10-02,0.8886322975158691,0.7935748075321525
2018-10-03,-0.9621086716651917,0.9349929330436243
2018-10-04,0.9348458051681519,1.028630851630926
2018-10-05,0.0,0.9356183763149823
2018-10-08,0.0,0.7811635034330907
2018-10-09,0.949891984462738,0.795555727120479
2018-10-10,0.0,0.5161841130968928
2018-10-11,0.0,0.42480460970817124
2018-10-12,0.6907346248626709,0.4585515156134086
2018-10-15,0.0,0.4585515156134086
2018-10-16,0.0,0.3089059151211495
2018-10-17,-0.7862299680709839,0.5228403227951578
2018-10-18,-0.9749944806098938,0.6739244077263343
2018-10-19,0.0,0.48692645445344235
2018-10-22,-0.9624393582344055,0.5028400370821857
2018-10-23,0.0,0.5028400370821857
2018-10-24,0.9549556970596313,0.805573007093107
2018-10-25,0.0,0.6779046209807806
2018-10-26,0.0,0.6779046209807806
2018-10-29,0.0,0.4270691708252063
2018-10-30,0.9472607970237732,0.5209505453620741
2018-10-31,0.0,0.4236279069131574
2018-11-01,0.0,0.4236279069131574
2018-11-02,0.0,0.4236279069131574
2018-11-05,0.0,0.4236279069131574
2018-11-06,0.0,0.0
2018-11-07,0.0,0.0
2018-11-08,0.0,0.0
2018-11-09,0.8544405102729797,0.3821174127399979
2018-11-12,0.0,0.3821174127399979
2018-11-13,0.9098597168922424,0.4835706338539726
2018-11-14,0.0,0.4835706338539726
2018-11-15,0.0,0.4835706338539726
2018-11-16,0.0,0.40690163539195345
2018-11-19,-0.9756942987442017,0.6668877774017989
2018-11-20,-0.9757062196731567,0.5344130413488501
2018-11-21,0.9036839604377747,0.790740901764036
2018-11-23,0.0,0.790740901764036
2018-11-26,-0.8738124370574951,0.828510731895797
2018-11-27,0.0,0.7670193687377543
2018-11-28,0.952256977558136,0.7573095384890363
2018-11-29,0.0,0.6459703587003127
2018-11-30,0.0,0.6459703587003127
2018-12-03,0.9597419500350952,0.5236291584083603
2018-12-04,0.0,0.5236291584083603
2018-12-06,0.0,0.42920964822733576
2018-12-07,-0.9664496183395386,0.6810140374623325
2018-12-10,0.0,0.6810140374623325
2018-12-11,0.0,0.43220940868718627
2018-12-12,0.0,0.43220940868718627
2018-12-13,0.0,0.43220940868718627
2018-12-14,0.8642479181289673,0.3865034188698085
2018-12-17,-0.8576660752296448,0.6087911991107634
2018-12-18,0.9298375248908997,0.7368407454821534
2018-12-19,0.7486491799354553,0.7648035329083667
2018-12-20,0.5143406391143799,0.7424040538542072
2018-12-21,-0.9392831325531006,0.9050027224156366
2018-12-24,0.0,0.7512652486765126
2018-12-26,0.0,0.6492914382203194
2018-12-27,0.9541494250297546,0.7073168006874934
2018-12-28,-0.974240243434906,0.7996434056434202
2018-12-31,0.0,0.6818109065231863
2019-01-02,0.0,0.6818109065231863
2019-01-03,-0.9743914604187012,0.8079580581271942
2019-01-04,0.9568198323249817,0.8089111205649194
2019-01-07,-0.6780386567115784,0.7463083471322615
2019-01-08,0.0,0.7463083471322615
2019-01-09,0.0,0.7463083471322615
2019-01-10,0.0,0.5830301927752901
2019-01-11,0.8981657028198242,0.5605236093224353
2019-01-14,0.9365188479423523,0.5026319981139327
2019-01-15,0.0,0.5026319981139327
2019-01-16,0.0,0.5026319981139327
2019-01-17,0.9539071321487427,0.5095241123434074
2019-01-18,0.9624190330505371,0.520939495213222
2019-01-22,0.0,0.5248161624932807
2019-01-23,0.9142760634422302,0.5171141403905755
2019-01-24,0.6664658188819885,0.40938051799690883
2019-01-25,-0.9768462777137756,0.816989618133615
2019-01-28,-0.9726669788360596,0.8878610032872732
2019-01-29,0.0,0.8878610032872732
2019-01-30,0.9518005847930908,0.8983966061050024
2019-01-31,0.0,0.807333255251045
2019-02-01,0.0,0.6804260289793563
2019-02-04,0.0,0.4256581617242805
2019-02-05,0.8461664319038391,0.4938078839658529
2019-02-06,0.0,0.3784171324030859
2019-02-07,0.0,0.3784171324030859
2019-02-08,0.0,0.3784171324030859
2019-02-11,0.0,0.3784171324030859
2019-02-12,0.0,0.0
2019-02-13,0.9471308588981628,0.4235697968168105
2019-02-14,0.0,0.4235697968168105
2019-02-15,0.9459381699562073,0.518438476498356
2019-02-19,0.0,0.518438476498356
2019-02-20,-0.9690508246421814,0.8000239773990929
2019-02-21,0.0,0.6770804389358884
2019-02-22,0.9479404091835022,0.8002168872226121
2019-02-25,-0.8036090135574341,0.7660622591301071
2019-02-26,0.9305821657180786,0.9147649629989075
2019-02-27,0.0,0.73811818164742
2019-02-28,0.0,0.73811818164742
2019-03-01,0.0,0.6141144391620704
2019-03-04,0.0,0.41616899623891923
2019-03-05,0.0,0.0
2019-03-06,0.8936671614646912,0.3996601044588656
2019-03-07,0.0,0.3996601044588656
2019-03-08,0.0,0.3996601044588656
2019-03-11,0.0,0.3996601044588656
2019-03-12,0.0,0.3996601044588656
2019-03-13,0.0,0.0
2019-03-14,-0.9756363034248352,0.4363178191549073
2019-03-15,-0.9352290630340576,0.5235069978418667
2019-03-18,0.0,0.5235069978418667
2019-03-19,0.9558423161506653,0.7996468478216331
2019-03-20,0.0,0.7996468478216331
2019-03-21,0.9068474173545837,0.7808046351355011
2019-03-22,0.0,0.5104126181448142
2019-03-25,0.9592320322990417,0.5156268934587045
2019-03-26,-0.9517541527748108,0.7875811303879776
2019-03-27,0.955659031867981,0.8459093043456922
2019-03-28,0.0,0.799018100903582
2019-03-29,0.0,0.799018100903582
2019-04-01,0.0,0.6743732465961998
2019-04-02,0.0,0.4273837117136883
2019-04-03,0.9388261437416077,0.41985581529204435
2019-04-04,0.0,0.41985581529204435
2019-04-05,0.0,0.41985581529204435
2019-04-08,0.0,0.41985581529204435
2019-04-09,-0.9698530435562134,0.6748734919534113
2019-04-10,0.8792708516120911,0.6542345011328926
2019-04-11,-0.9335028529167175,0.7706182091626215
2019-04-12,0.0,0.7706182091626215
2019-04-15,0.0,0.7706182091626215
2019-04-16,0.9540295004844666,0.7734322832004887
2019-04-17,0.8196017146110535,0.7602933154060053
2019-04-18,0.8572456240653992,0.48282676235908545
2019-04-22,0.0,0.48282676235908545
2019-04-23,0.0,0.48282676235908545
2019-04-24,0.8043495416641235,0.4534114091930142
2019-04-25,0.7479056119918823,0.44160849460679064
2019-04-26,0.0,0.4255707277333321
2019-04-29,0.0,0.4255707277333321
2019-04-30,0.0,0.4255707277333321
2019-05-01,0.0,0.3344735578334857
2019-05-02,0.0,0.0
2019-05-03,-0.9655870795249939,0.4318236696026753
2019-05-06,0.9398854970932007,0.6737230591132825
2019-05-07,0.834525465965271,0.7715790131641503
2019-05-08,0.0,0.7715790131641503
2019-05-09,0.6841134428977966,0.7959922643718682
2019-05-10,0.0,0.4579738673788165
2019-05-13,0.0,0.41928246117488255
2019-05-14,0.0,0.3059448325281782
2019-05-15,0.8597085475921631,0.4273267841747188
2019-05-16,0.5747024416923523,0.40554737887642095
2019-05-17,0.8736357092857361,0.43795123109575873
2019-05-20,0.0,0.43795123109575873
2019-05-21,-0.9629293084144592,0.7742715496150255
2019-05-22,0.8345617055892944,0.7695427039592698
2019-05-23,0.0,0.7543010897309816
2019-05-24,0.0,0.6364806448645243
2019-05-28,0.0,0.6364806448645243
2019-05-29,-0.9770232439041138,0.6416791646892593
2019-05-30,0.9521843791007996,0.682111815813864
2019-05-31,0.9000470042228699,0.7934286772107823
2019-06-03,0.0,0.7934286772107823
2019-06-04,0.8886322975158691,0.842430243927899
2019-06-05,0.9502188563346863,0.4136740496725562
2019-06-06,0.9523863792419434,0.4137001792402831
2019-06-07,0.0,0.5102503447473242
2019-06-10,-0.861822783946991,0.805889773259037
2019-06-11,0.0,0.7642068729908282
2019-06-12,-0.8686979413032532,0.7555322341622287
2019-06-13,0.0,0.4739288522685978
2019-06-14,0.0,0.4739288522685978
2019-06-17,-0.9698954224586487,0.5047890976132718
2019-06-18,0.0,0.5047890976132718
2019-06-19,0.0,0.433750419136682
2019-06-20,0.9538570642471313,0.6801633964963071
2019-06-21,0.5735884308815002,0.7275595681548412
2019-06-24,-0.9737486243247986,0.7289919967808465
2019-06-25,0.0,0.7289919967808465
2019-06-26,-0.9747999906539917,0.8805967897822488
2019-06-27,-0.9509196281433105,0.7158438817551448
2019-06-28,0.0,0.5294540409154874
2019-07-01,0.9595141410827637,0.8044314673842498
2019-07-02,0.9107771515846252,0.9492169283001274
2019-07-03,0.819167971611023,0.8247670426255789
2019-07-05,0.0,0.49360417989952277
2019-07-08,0.0,0.49360417989952277
2019-07-09,0.5694091320037842,0.43799884331767314
2019-07-10,0.0,0.39039520065760397
2019-07-11,0.0,0.254647505233922
2019-07-12,-0.9753136038780212,0.5573400437482788
2019-07-15,0.0,0.5573400437482788
2019-07-16,0.728516697883606,0.606174781404481
2019-07-17,0.0,0.606174781404481
2019-07-18,0.0,0.606174781404481
2019-07-19,0.0,0.3258025718422837
2019-07-22,0.8709606528282166,0.4409204800137335
2019-07-23,0.9433388710021973,0.49752490688517315
2019-07-24,0.0,0.49752490688517315
2019-07-25,-0.9743121266365051,0.7836818613028954
2019-07-26,0.0,0.7836818613028954
2019-07-29,0.9150797128677368,0.7937591544373487
2019-07-30,-0.967937171459198,0.7925499822632639
2019-07-31,0.0,0.7925499822632639
2019-08-01,0.0,0.6659043599888764
2019-08-02,0.0,0.6659043599888764
2019-08-05,0.7153002619743347,0.5991226400049846
2019-08-06,0.0,0.3198920020196037
2019-08-07,0.0,0.3198920020196037
2019-08-08,0.0,0.3198920020196037
2019-08-09,0.0,0.3198920020196037
2019-08-12,0.0,0.0
2019-08-13,-0.9223865866661072,0.41250382186388235
2019-08-14,0.0,0.41250382186388235
2019-08-15,0.0,0.41250382186388235
2019-08-16,0.9357637166976929,0.656965554505686
2019-08-19,-0.49839600920677185,0.6942263082222171
2019-08-20,0.9384664297103882,0.6376103121336703
2019-08-21,0.0,0.6376103121336703
2019-08-22,0.9359870553016663,0.6730415807447541
2019-08-23,0.9558680057525635,0.676627287266134
2019-08-26,0.0,0.5168004217273391
2019-08-27,0.0,0.5181535239932193
2019-08-28,0.0,0.5181535239932193
2019-08-29,0.0,0.42747716767597815
2019-08-30,-0.9534847140312195,0.4264113272161499
2019-09-03,0.0,0.4264113272161499
2019-09-04,-0.9707607626914978,0.527011723620785
2019-09-05,0.0,0.527011723620785
2019-09-06,0.0,0.527011723620785
2019-09-09,-0.7235021591186523,0.4721563467185929
2019-09-10,0.0,0.4721563467185929
2019-09-11,0.0,0.32356000193143397
2019-09-12,0.5041386485099792,0.43817436061843734
2019-09-13,0.6106008291244507,0.5291103844705758
2019-09-16,0.0,0.30759564725853894
2019-09-17,0.947274923324585,0.41046871130941914
2019-09-18,0.9178739786148071,0.3843385940427044
2019-09-19,0.0,0.47084722770042503
2019-09-20,0.0,0.5108978214126163
2019-09-23,-0.9317160844802856,0.7800092816939934
2019-09-24,0.9475617408752441,0.7800792081749485
2019-09-25,0.0,0.6644392180411385
2019-09-26,0.0,0.6644392180411385
2019-09-27,0.0,0.6644392180411385
2019-09-30,0.9533369541168213,0.5205865516729073
2019-10-01,0.0,0.42634524697356185
2019-10-02,0.0,0.42634524697356185
2019-10-03,0.0,0.42634524697356185
2019-10-04,0.0,0.42634524697356185
2019-10-07,0.0,0.0
2019-10-08,0.0,0.0
2019-10-09,0.9134438633918762,0.4085045144348531
2019-10-10,0.9536918997764587,0.5115341483339768
2019-10-11,0.0,0.5115341483339768
2019-10-14,0.0,0.5115341483339768
2019-10-15,-0.9391228556632996,0.783201455245952
2019-10-16,0.0,0.6692229685088419
2019-10-17,0.0,0.4199885088973713
2019-10-18,0.0,0.4199885088973713
2019-10-21,0.0,0.4199885088973713
2019-10-22,0.0,0.0
2019-10-23,0.9492412209510803,0.4245135794183024
2019-10-24,0.760556697845459,0.47297558117890487
2019-10-25,0.0,0.47297558117890487
2019-10-28,0.9558680057525635,0.4929589400627668
2019-10-29,0.0,0.4929589400627668
2019-10-30,0.0,0.4751071938085815
2019-10-31,-0.7472516894340515,0.6048480342814558
2019-11-01,0.0,0.6048480342814558
2019-11-04,0.0,0.3341811147752192
2019-11-05,0.0,0.3341811147752192
2019-11-06,0.8257362842559814,0.5565504317162203
2019-11-07,0.9530607461929321,0.48921912829629044
2019-11-08,0.9536918997764587,0.5015960242089983
2019-11-11,0.0,0.5015960242089983
2019-11-12,0.7761672139167786,0.3999985603611524
2019-11-13,0.9336785674095154,0.41112267024841775
2019-11-14,0.0,0.4911295285277616
2019-11-15,-0.6134010553359985,0.6344316075149765
2019-11-18,-0.9721736311912537,0.8355365004100077
2019-11-19,0.746692419052124,0.8289889010240804
2019-11-20,0.0,0.6592016574622617
2019-11-21,0.9556930065155029,0.8350976238578973
2019-11-22,0.8594259023666382,0.8138248492202679
2019-11-25,0.0,0.47353355663690844
2019-11-26,0.9539974927902222,0.507068065305143
2019-11-27,0.0,0.507068065305143
2019-11-29,0.0,0.4977507448232232
2019-12-02,0.0,0.4266406488486603
2019-12-03,0.0,0.4266406488486603
2019-12-04,0.0,0.0
2019-12-05,0.0,0.0
2019-12-06,0.0,0.0
2019-12-09,0.0,0.0
2019-12-10,0.0,0.0
2019-12-11,0.956836998462677,0.4279105143898813
2019-12-12,0.6028270125389099,0.44509186782925514
2019-12-13,-0.9698954224586487,0.7331557101962559
2019-12-16,0.0,0.7331557101962559
2019-12-17,-0.9605090022087097,0.8824288118084722
2019-12-18,0.0,0.6845039670882233
2019-12-19,0.0,0.5286734401488183
2019-12-20,0.5315877199172974,0.5404554454370726
2019-12-23,0.0,0.5404554454370726
2019-12-24,-0.9447048902511597,0.5340692076749962
2019-12-26,0.0,0.5340692076749962
2019-12-27,0.0,0.5340692076749962
2019-12-30,0.6963762044906616,0.5841818468189007
2019-12-31,0.0,0.5841818468189007
2020-01-02,-0.527250349521637,0.4350896569351269
2020-01-03,0.9260476231575012,0.5874980766285143
2020-01-06,0.0,0.5874980766285143
2020-01-07,0.8720163702964783,0.6270917432821274
2020-01-08,0.0,0.6270917432821274
2020-01-09,0.0,0.4927905045527886
2020-01-10,0.0,0.3899775762951105
2020-01-13,0.0,0.3899775762951105
2020-01-14,0.0,0.0
2020-01-15,0.7983811497688293,0.3570469045675082
2020-01-16,0.7142823338508606,0.41532564025783997
2020-01-17,0.0,0.41532564025783997
2020-01-21,0.0,0.41532564025783997
2020-01-22,0.0,0.41532564025783997
2020-01-23,0.0,0.31943677072354426
2020-01-24,0.0,0.0
2020-01-27,0.0,0.0
2020-01-28,0.0,0.0
2020-01-29,0.0,0.0
2020-01-30,0.0,0.0
2020-01-31,-0.9558538794517517,0.4274708502022004
2020-02-03,0.5833204388618469,0.5536612548267643
2020-02-04,0.0,0.5536612548267643
2020-02-05,0.0,0.5536612548267643
2020-02-06,0.0,0.5536612548267643
2020-02-07,0.0,0.2608688307920193
2020-02-10,-0.9746065139770508,0.43585728331335605
2020-02-11,0.0,0.43585728331335605
2020-02-12,0.0,0.43585728331335605
2020-02-13,0.0,0.43585728331335605
2020-02-14,0.90227210521698,0.6638724191441162
2020-02-18,0.9475700259208679,0.506853214414645
2020-02-19,0.0,0.506853214414645
2020-02-20,0.8198589086532593,0.4895640426956738
2020-02-21,0.0,0.4895640426956738
2020-02-24,-0.5422613024711609,0.6252794892943774
2020-02-25,-0.9016260504722595,0.6521624002672565
2020-02-26,0.0,0.6521624002672565
2020-02-27,0.0,0.4153356225541974
2020-02-28,0.9273979067802429,0.6916811879306662
2020-03-02,-0.7472516894340515,0.7292590194558961
2020-03-03,0.9581531882286072,0.7206532435278212
2020-03-04,0.8964065909385681,0.760271098819967
2020-03-05,0.9436084032058716,0.7510625405282361
2020-03-06,0.0,0.763074786988748
2020-03-09,0.0,0.5113829513247655
2020-03-10,0.8792708516120911,0.4970301105534581
2020-03-11,0.7397680282592773,0.47363978011706714
2020-03-12,-0.967924952507019,0.7369638407909544
2020-03-13,0.0,0.7369638407909544
2020-03-16,0.0,0.7369638407909544
2020-03-17,0.0,0.6069852413576248
2020-03-18,-0.9560666084289551,0.5269234688567186
2020-03-19,0.0,0.42756598549296315
2020-03-20,0.0,0.42756598549296315
2020-03-23,0.5894384384155273,0.5555667802850304
2020-03-24,0.0,0.5555667802850304
2020-03-25,0.0,0.2636048833696886
2020-03-26,0.0,0.2636048833696886
2020-03-27,0.0,0.2636048833696886
2020-03-30,0.0,0.0
2020-03-31,0.0,0.0
2020-04-01,0.0,0.0
2020-04-02,0.0,0.0
2020-04-03,0.0,0.0
2020-04-06,0.0,0.0
2020-04-07,0.0,0.0
2020-04-08,0.953841507434845,0.426570890077037
2020-04-09,0.0,0.426570890077037
2020-04-13,-0.5576620697975159,0.5453001412147032
2020-04-14,0.9571593999862671,0.6653287759623848
2020-04-15,0.9234127998352051,0.698735700666519
2020-04-16,-0.9317160844802856,0.8540082853517762
2020-04-17,0.0,0.8540082853517762
2020-04-20,0.0,0.7837210269663507
2020-04-21,-0.9684696197509766,0.7854779443127137
2020-04-22,0.0,0.5205494991705648
2020-04-23,-0.9439427852630615,0.5238074896516064
2020-04-24,-0.9758936166763306,0.5274626532546702
2020-04-27,0.0,0.5274626532546702
2020-04-28,0.0,0.5258901907426768
2020-04-29,0.0,0.5258901907426768
2020-04-30,0.9426998496055603,0.6783861349337642
2020-05-01,0.0,0.42158818921937247
2020-05-04,0.0,0.42158818921937247
2020-05-05,0.0,0.42158818921937247
2020-05-06,0.8387336730957031,0.489248429141625
2020-05-07,0.9541442394256592,0.4926923893699773
2020-05-08,0.8704224228858948,0.48807449814558307
2020-05-11,0.0,0.48807449814558307
2020-05-12,0.9320020079612732,0.40462592387102714
2020-05-13,0.9550249576568604,0.4163956606118165
2020-05-14,0.8402068018913269,0.40486326825865976
2020-05-15,0.8807770609855652,0.4058533251023959
2020-05-18,0.0,0.4058533251023959
2020-05-19,0.8388779163360596,0.39579627801495854
2020-05-20,0.8996214270591736,0.38766795094106105
2020-05-21,0.0,0.478717381444805
2020-05-22,0.8978955745697021,0.4819584268061672
2020-05-26,0.8008938431739807,0.38655254361980934
2020-05-27,0.0,0.4760825399056373
2020-05-28,0.0,0.4664949929255033
2020-05-29,-0.9758251905441284,0.7575200919124654
2020-06-01,-0.9534847140312195,0.7496889836625511
2020-06-02,0.0,0.5284223123632209
2020-06-03,0.8866353631019592,0.7794318651439772
2020-06-04,0.7142823338508606,0.8854548454806458
2020-06-05,0.9518555998802185,0.806216302900911
2020-06-08,0.8793732523918152,0.3936120972888959
2020-06-09,-0.9752806425094604,0.8245577958120102
2020-06-10,0.0,0.8135682503839615
2020-06-11,0.6055676937103271,0.8015617905289585
2020-06-12,-0.9646006226539612,0.86316888596386
2020-06-15,0.0,0.687797278118876
2020-06-16,0.0,0.5637786941870201
2020-06-17,0.0,0.5637786941870201
2020-06-18,0.0,0.4313825126785763
2020-06-19,0.0,0.0
2020-06-22,0.5734441876411438,0.25645203697354896
2020-06-23,0.0,0.25645203697354896
2020-06-24,0.0,0.25645203697354896
2020-06-25,0.8792708516120911,0.41227395921266935
2020-06-26,0.9575240612030029,0.4628599384109458
2020-06-29,0.0,0.5037872685788773
2020-06-30,-0.9737486243247986,0.7888577442157123
2020-07-01,0.8966372609138489,0.8400620632581499
2020-07-02,0.0,0.792775470282968
2020-07-06,0.0,0.661618381047585
2020-07-07,0.0,0.661618381047585
2020-07-08,0.951726496219635,0.5065698336677463
2020-07-09,-0.9764386415481567,0.6817429145743956
2020-07-10,-0.9691660404205322,0.8063714697020474
2020-07-13,0.6791399717330933,0.899988559754034
2020-07-14,0.9536544680595398,1.010883735641575
2020-07-15,0.0,0.9005322219035704
2020-07-16,0.0,0.7453003134759387
2020-07-17,0.0,0.4575708713226851
2020-07-20,0.8528259992599487,0.49600773524771985
2020-07-21,0.9520435333251953,0.4955270599142976
2020-07-22,0.9509617686271667,0.5047539320308105
2020-07-23,0.0,0.5047539320308105
2020-07-24,0.0,0.5047539320308105
2020-07-27,-0.9739954471588135,0.804172003330479
2020-07-28,0.0,0.6806043833254506
2020-07-29,0.0,0.43558400592448254
2020-07-30,0.0,0.43558400592448254
2020-07-31,0.7251756191253662,0.6045999810402407
2020-08-03,0.0,0.3243083959979637
2020-08-04,-0.9762943387031555,0.6054787758652679
2020-08-05,0.0,0.6054787758652679
2020-08-06,-0.9744201898574829,0.729406590498678
2020-08-07,0.9555349349975586,0.8089523888180377
2020-08-10,0.8923060297966003,0.9499718168153046
2020-08-11,0.0,0.7915457976636376
2020-08-12,-0.5332097411155701,0.8543880394363943
2020-08-13,0.0,0.6418564169614888
2020-08-14,0.0,0.5135008884907134
2020-08-17,0.0,0.23845864547989662
2020-08-18,0.0,0.23845864547989662
2020-08-19,0.0,0.0
2020-08-20,0.0,0.0
2020-08-21,-0.9752654433250427,0.43615196547625323
2020-08-24,0.628372848033905,0.5748756879875576
2020-08-25,0.8272421956062317,0.7043041998272267
2020-08-26,0.0,0.7043041998272267
2020-08-27,0.82874596118927,0.7704541520491496
2020-08-28,0.0,0.42495320755588684
2020-08-31,-0.9716559648513794,0.7452520920171919
2020-09-01,0.0,0.6377402544119066
2020-09-02,-0.6758230924606323,0.6988575065749276
2020-09-03,0.0,0.46314541924701796
2020-09-04,0.0,0.46314541924701796
2020-09-08,0.0,0.3022372751012207
2020-09-09,0.0,0.3022372751012207
2020-09-10,0.0,0.0
2020-09-11,0.0,0.0
2020-09-14,-0.974513590335846,0.43581572659766726
2020-09-15,0.0,0.43581572659766726
2020-09-16,0.0,0.43581572659766726
2020-09-17,0.0,0.43581572659766726
2020-09-18,0.7241747975349426,0.6044774546866565
2020-09-21,0.9315211772918701,0.4593187915044593
2020-09-22,0.0,0.4593187915044593
2020-09-23,0.7908841371536255,0.4529094033748919
2020-09-24,0.9511131644248962,0.3916027614067544
2020-09-25,0.0,0.49201256648446456
2020-09-28,0.9208571314811707,0.48988087332793895
2020-09-29,0.0,0.48988087332793895
2020-09-30,0.7489689588546753,0.4846865208670369
2020-10-01,0.0,0.46132107136308276
2020-10-02,-0.9717602729797363,0.7509645812215496
2020-10-05,-0.9605991840362549,0.7327927243792973
2020-10-06,0.0,0.7327927243792973
2020-10-07,0.8062275052070618,0.7522361623998438
2020-10-08,-0.9759984612464905,0.8040295629394142
2020-10-09,0.834525465965271,0.8950215804638028
2020-10-12,0.0,0.7434091787432956
2020-10-13,0.0,0.7434091787432956
2020-10-14,0.0,0.6412883181575397
2020-10-15,0.0,0.37321113417060714
2020-10-16,0.0,0.0
2020-10-19,0.0,0.0
2020-10-20,0.9463567137718201,0.4232235885914207
2020-10-21,-0.74211585521698,0.5995798751219027
2020-10-22,0.7913404107093811,0.6845272465623939
2020-10-23,0.9410326480865479,0.7429660775695893
2020-10-26,-0.648067831993103,0.8726412170385418
2020-10-27,0.5304696559906006,0.808019376014554
2020-10-28,0.0,0.650317706347712
2020-10-29,0.0,0.6023544532898679
2020-10-30,-0.9583173394203186,0.5891186753446106
2020-11-02,0.0,0.5392493511626114
2020-11-03,-0.9724981784820557,0.5287993753187573
2020-11-04,0.0,0.5287993753187573
2020-11-05,0.0,0.5287993753187573
2020-11-06,0.820917010307312,0.6354254627518809
2020-11-09,0.8878375887870789,0.7582048413271127
2020-11-10,0.9504469037055969,0.4876574392285952
2020-11-11,-0.9765880107879639,0.8296077610463453
2020-11-12,0.0,0.8296077610463453
2020-11-13,0.9001989960670471,0.8418479882441973
2020-11-16,0.0,0.7928802326706091
2020-11-17,0.0,0.6638741068570354
2020-11-18,0.0,0.4025812296965969
2020-11-19,0.9528653025627136,0.5078240488537371
2020-11-20,-0.966786801815033,0.6787102186064731
2020-11-23,0.0,0.6787102186064731
2020-11-24,0.8973520994186401,0.7892686282661734
2020-11-25,-0.7617056369781494,0.8979284324758807
2020-11-27,0.9273979067802429,0.8913931177576583
2020-11-30,0.0,0.7105438901027376
2020-12-01,0.0,0.7105438901027376
2020-12-02,0.0,0.5989097530618096
2020-12-03,-0.9746716618537903,0.6726077542553043
2020-12-04,0.8884770274162292,0.6591453507508879
2020-12-07,0.5833204388618469,0.7124275749113534
2020-12-08,0.0,0.7124275749113534
2020-12-09,0.0,0.7124275749113534
2020-12-10,0.0,0.4172578957586797
2020-12-11,0.9377507567405701,0.4350022125642632
2020-12-14,-0.9736610651016235,0.6758576849849796
2020-12-15,0.0,0.6758576849849796
2020-12-16,0.0,0.6758576849849796
2020-12-17,0.0,0.6758576849849796
2020-12-18,0.9395756125450134,0.6764957201950668
2020-12-21,0.9510608911514282,0.5177880532962273
2020-12-22,0.0,0.5177880532962273
2020-12-23,0.0,0.5177880532962273
2020-12-24,0.5914888978004456,0.47565453977573297
2020-12-28,-0.9566038250923157,0.7247068853280485
2020-12-29,0.8885131478309631,0.707038978560982
2020-12-30,-0.9758283495903015,0.861061550035826
2020-12-31,-0.5432574152946472,0.8808371668779906
2021-01-04,0.0,0.7823187118249268
2021-01-05,0.0,0.6995178403603404
2021-01-06,0.0,0.4432395726132583
2021-01-07,0.9381131529808044,0.5347903085208896
2021-01-08,0.0,0.4195369561303483
2021-01-11,-0.9386506080627441,0.6635362073844491
2021-01-12,0.0,0.6635362073844491
2021-01-13,0.5747024416923523,0.7115952258709709
2021-01-14,0.0,0.5442555022557968
2021-01-15,0.0,0.5442555022557968
2021-01-19,0.0,0.25701474529184287
2021-01-20,0.0,0.25701474529184287
2021-01-21,0.0,0.0
2021-01-22,0.0,0.0
2021-01-25,0.6744764447212219,0.30163503592380725
2021-01-26,0.0,0.30163503592380725
2021-01-27,0.0,0.30163503592380725
2021-01-28,0.0,0.30163503592380725
2021-01-29,0.0,0.30163503592380725
2021-02-01,0.0,0.0
2021-02-02,0.0,0.0
2021-02-03,0.0,0.0
2021-02-04,0.5698433518409729,0.2548416942485502
2021-02-05,0.9571793675422668,0.44004377912414994
2021-02-08,0.0,0.44004377912414994
2021-02-09,0.0,0.44004377912414994
2021-02-10,0.0,0.44004377912414994
2021-02-11,0.0,0.4280636264969536
2021-02-12,0.6064812541007996,0.2712266622497433
2021-02-16,0.873562753200531,0.4161806526753908
2021-02-17,0.7354917526245117,0.4153792763341756
2021-02-18,0.0,0.4153792763341756
2021-02-19,0.9478998780250549,0.37713680714099096
2021-02-22,0.9357779026031494,0.3995055377437369
2021-02-23,0.9582113027572632,0.410420744937565
2021-02-24,-0.8220045566558838,0.7987596874828429
2021-02-25,0.0,0.7987596874828429
2021-02-26,-0.7153702974319458,0.859630818758308
2021-03-01,0.0,0.7138853147573343
2021-03-02,0.0,0.42271203709339544
2021-03-03,0.0,0.3199233228284154
2021-03-04,0.0,0.31992332282841535
2021-03-05,0.9567199945449829,0.42785818864716263
2021-03-08,0.9562360048294067,0.5238846041319039
2021-03-09,0.0,0.5238846041319039
2021-03-10,0.0,0.5238846041319039
2021-03-11,-0.9740028381347656,0.8065443828129456
2021-03-12,0.0,0.682459832802185
2021-03-15,-0.9765557646751404,0.5341832357945355
2021-03-16,-0.967705488204956,0.53280942679711
2021-03-17,0.0,0.53280942679711
2021-03-18,0.8085552453994751,0.7559614790450192
2021-03-19,0.0,0.7559614790450192
2021-03-22,0.7404899597167969,0.7195397320361602
2021-03-23,0.9533491730690002,0.46329420628286666
2021-03-24,0.0,0.46329420628286666
2021-03-25,0.9451717138290405,0.4893040836599222
2021-03-26,-0.9731728434562683,0.8280416244885503
2021-03-29,0.9391528367996216,0.8567416387160166
2021-03-30,0.9550249576568604,0.85702575859902
2021-03-31,0.9581961631774902,0.8598283528255874
2021-04-01,0.8545441627502441,0.8507142689014966
2021-04-05,0.9542320370674133,0.04404814507558889
2021-04-06,0.9432083964347839,0.044244395377021836
2021-04-07,0.0,0.4169826793047494
2021-04-08,0.0,0.503925277734526
2021-04-09,0.9395427703857422,0.5179881121286867
2021-04-12,0.5314879417419434,0.4714742925239349
2021-04-13,0.0,0.42791172524149984
2021-04-14,-0.9716559648513794,0.7175409981299004
2021-04-15,0.0,0.7175409981299004
2021-04-16,0.9409264922142029,0.7179459591645545
2021-04-19,-0.8123698830604553,0.7660351656369792
2021-04-20,0.0,0.7660351656369792
2021-04-21,0.0,0.6208828654228513
2021-04-22,0.0,0.6208828654228513
2021-04-23,0.0,0.3633028562793472
2021-04-26,0.6069232821464539,0.2714243432013519
2021-04-27,-0.834714949131012,0.5134995394361841
2021-04-28,0.9520435333251953,0.6831148609276768
2021-04-29,-0.9605991840362549,0.8489803571807878
2021-04-30,0.0,0.8489803571807878
2021-05-03,0.0,0.771956227241647
2021-05-04,0.9524592757225037,0.7997070624555798
2021-05-05,0.0,0.6763719784001044
2021-05-06,0.0,0.4259527372631472
2021-05-07,-0.9728409647941589,0.6807193129406542
2021-05-10,0.0,0.6807193129406542
2021-05-11,0.0,0.4350677057152443
2021-05-12,0.0,0.4350677057152443
2021-05-13,0.0,0.4350677057152443
2021-05-14,0.0,0.0
2021-05-17,0.9489137530326843,0.42436713131310644
2021-05-18,0.7251756191253662,0.46524239490665703
2021-05-19,0.0,0.46524239490665703
2021-05-20,0.0,0.46524239490665703
2021-05-21,0.0,0.46524239490665703
2021-05-24,0.9414548873901367,0.4627865421863007
2021-05-25,0.0,0.42103142519075165
2021-05-26,0.0,0.42103142519075165
2021-05-27,0.9526712894439697,0.5187429748844739
2021-05-28,0.5506185293197632,0.4748013584380309
2021-06-01,0.7174067497253418,0.4298654281437232
2021-06-02,0.0,0.4298654281437232
2021-06-03,0.0,0.4298654281437232
2021-06-04,0.0,0.3522341507159182
2021-06-07,0.0,0.32083405198060927
2021-06-08,-0.9766974449157715,0.4367923760564047
2021-06-09,0.8917498588562012,0.6610053878750881
2021-06-10,0.9266025424003601,0.7851865014363244
2021-06-11,-0.9760183095932007,0.9429672608022489
2021-06-14,0.9218565821647644,1.0351509748441254
2021-06-15,0.8655487895011902,0.8399866307125372
2021-06-16,0.0,0.8375674158359038
2021-06-17,0.9574609994888306,0.8429965715103416
2021-06-18,0.0,0.5022119949608781
2021-06-21,0.0,0.5003082385885822
2021-06-22,-0.9764291048049927,0.6837531360894393
2021-06-23,-0.9739673137664795,0.8095637005888044
2021-06-24,-0.976326584815979,0.5343449769350208
2021-06-25,-0.4541766345500946,0.44028958317913014
2021-06-28,0.9036524295806885,0.8140566792014803
2021-06-29,-0.9501065015792847,0.8102447373630431
2021-06-30,0.0,0.7814249044721027
2021-07-01,0.0,0.684733574526193
2021-07-02,0.9518585801124573,0.7844382336585576
2021-07-06,0.0,0.6724463746130789
2021-07-07,0.0,0.4256840980195767
2021-07-08,0.0,0.4256840980195767
2021-07-09,0.9524292349815369,0.5215107351814838
2021-07-12,0.0,0.4259393026353674
2021-07-13,0.9490261077880859,0.5207363816753853
2021-07-14,0.8871013522148132,0.5097820911388916
2021-07-15,0.0,0.5097820911388916
2021-07-16,0.0,0.5033206116605533
2021-07-19,0.9481220245361328,0.5089512985895791
2021-07-20,0.7486270070075989,0.47724993897410944
2021-07-21,0.9458480477333069,0.4892193868173694
2021-07-22,0.0,0.48921938681736943
2021-07-23,0.9523037075996399,0.4111649050087041
2021-07-26,0.0,0.49011878998225866
2021-07-27,0.0,0.5198352776731824
2021-07-28,0.0,0.42588316508357543
2021-07-29,0.7866858839988708,0.4798281128835392
2021-07-30,0.0,0.35181662271219766
2021-08-02,0.0,0.35181662271219766
2021-08-03,0.0,0.35181662271219766
2021-08-04,0.0,0.35181662271219766
2021-08-05,0.0,0.0
2021-08-06,0.0,0.0
2021-08-09,0.0,0.0
2021-08-10,0.0,0.0
2021-08-11,-0.922890305519104,0.41272909178325295
2021-08-12,0.9555687308311462,0.6641958558036961
2021-08-13,0.0,0.6641958558036961
2021-08-16,0.0,0.6641958558036961
2021-08-17,0.9312379360198975,0.7820190628298823
2021-08-18,0.0,0.5167948851358091
2021-08-19,0.0,0.41646226563341787
2021-08-20,-0.9676713943481445,0.6714399715434598
2021-08-23,0.0,0.6714399715434598
2021-08-24,-0.7862299680709839,0.4845904178565252
2021-08-25,0.0,0.4845904178565252
2021-08-26,0.0,0.4845904178565252
2021-08-27,0.0,0.3516127309108415
2021-08-30,0.9523111581802368,0.6163476114064738
2021-08-31,0.8124301433563232,0.485818100619658
2021-09-01,0.0,0.485818100619658
2021-09-02,0.9538676738739014,0.4996588503303286
2021-09-03,0.0,0.4996588503303286
2021-09-07,0.9433388710021973,0.4978373997090439
2021-09-08,0.0,0.519584745258453
2021-09-09,0.0,0.519584745258453
2021-09-10,0.0,0.4218739682757634
2021-09-13,0.9475130438804626,0.5178332263055921
2021-09-14,0.0,0.4237407151368909
2021-09-15,0.9451122283935547,0.51831747229198
2021-09-16,0.9196237325668335,0.5135603686610595
2021-09-17,-0.5021836757659912,0.6748396071234072
2021-09-20,-0.9515085816383362,0.8459773303182847
2021-09-21,0.0,0.8459773303182847
2021-09-22,0.0,0.6975347655839411
2021-09-23,0.9480218291282654,0.7080186962987564
2021-09-24,0.628372848033905,0.72816033246558
2021-09-27,0.0,0.4462605150057804
2021-09-28,0.9503867626190186,0.4795591554560451
2021-09-29,0.0,0.4795591554560451
2021-09-30,0.0,0.44709927674452365
2021-10-01,0.0,0.425025881226416
2021-10-04,0.0,0.425025881226416
2021-10-05,0.0,0.0
2021-10-06,0.0,0.0
2021-10-07,0.9413794875144958,0.4209977053412651
2021-10-08,0.9421817660331726,0.5158345714919729
2021-10-11,0.0,0.5158345714919729
2021-10-12,0.0,0.5158345714919729
2021-10-13,0.0,0.5158345714919729
2021-10-14,0.9403347969055176,0.5155488067508808
2021-10-15,-0.7316929697990417,0.5939061057778864
2021-10-18,-0.9680124521255493,0.7485525182922085
2021-10-19,0.0,0.7485525182922085
2021-10-20,0.7616183757781982,0.8568421353494945
2021-10-21,-0.948840320110321,0.7484457621978758
2021-10-22,-0.9758937358856201,0.7844481772730412
2021-10-25,0.0,0.7352145044164309
2021-10-26,0.9333541393280029,0.9073754685075496
2021-10-27,0.0,0.7948662872417693
2021-10-28,0.952100396156311,0.8007111726254964
2021-10-29,0.0,0.5163955249336614
2021-11-01,-0.8896889090538025,0.7698833730018716
2021-11-02,0.0,0.651395133638155
2021-11-03,0.7663667798042297,0.7328002588192888
2021-11-04,0.0,0.5864773496411263
2021-11-05,0.0,0.5864773496411263
2021-11-08,0.9495308995246887,0.4743590415377351
2021-11-09,0.0,0.4743590415377351
2021-11-10,0.0,0.4246431276147451
2021-11-11,0.0,0.4246431276147451
2021-11-12,0.0,0.4246431276147451
2021-11-15,0.9568198323249817,0.4279028374597217
2021-11-16,0.9403347969055176,0.5195898825900105
2021-11-17,-0.9767122864723206,0.8037813432581186
2021-11-18,0.0,0.8037813432581186
2021-11-19,-0.9276173710823059,0.9505477767154964
2021-11-22,-0.5738080143928528,0.7992118787960707
2021-11-23,-0.9415165185928345,0.41573516608181277
2021-11-24,-0.7235021591186523,0.38547527563050277
2021-11-26,0.0,0.38547527563050277
2021-11-29,-0.9765220880508423,0.395305641009613
2021-11-30,0.870911180973053,0.7897728435001687
2021-12-01,0.0,0.7242325856616907
2021-12-02,0.0,0.6538063438160215
2021-12-03,0.9464570879936218,0.7852480870744404
2021-12-06,0.0,0.49842296785658297
2021-12-07,0.9431911110877991,0.517502760425022
2021-12-08,0.0,0.517502760425022
2021-12-09,0.0,0.517502760425022
2021-12-10,0.9573681354522705,0.5205137195340295
2021-12-13,0.9300392270088196,0.5168845709871052
2021-12-14,-0.9695491194725037,0.7989148037776004
2021-12-15,0.9413794875144958,0.8538727301876186
2021-12-16,0.9482206106185913,0.8559359503071248
2021-12-17,0.0,0.8523129370919532
2021-12-20,0.8438695073127747,0.8389242829644793
2021-12-21,0.921166181564331,0.4107030552010604
2021-12-22,-0.5332097411155701,0.6696225120378523
2021-12-23,0.0,0.6207850824429753
2021-12-27,0.9556992650032043,0.671059475993378
2021-12-28,0.0,0.6490644644885598
2021-12-29,0.0,0.538974543366669
2021-12-30,0.0,0.42740170451874987
2021-12-31,0.0,0.42740170451874987
2022-01-03,0.0,0.0
2022-01-04,-0.9583582878112793,0.4285908556692654
2022-01-05,0.0,0.4285908556692654
2022-01-06,0.8788762092590332,0.6499250954640651
2022-01-07,0.5853959321975708,0.7039837766222855
2022-01-10,0.8936671614646912,0.781095062774154
2022-01-11,0.9532084465026855,0.39674275131888437
2022-01-12,0.0,0.39674275131888437
2022-01-13,-0.7153702974319458,0.7021645858319345
2022-01-14,0.9567500948905945,0.7520323491757601
2022-01-18,0.0,0.7159475425062526
2022-01-19,0.9566880464553833,0.7168165931790861
2022-01-20,0.0,0.7168165931790861
2022-01-21,-0.5288482904434204,0.6570550710488874
2022-01-24,0.49704402685165405,0.5636717339914319
2022-01-25,0.0,0.5636717339914319
2022-01-26,-0.8893530368804932,0.5357181975394627
2022-01-27,-0.9762634634971619,0.6226418196269434
2022-01-28,0.9487479329109192,0.844979888846348
2022-01-31,0.8966372609138489,0.9284447117460594
2022-02-01,0.0,0.9284447117460594
2022-02-02,0.0,0.7915328249030129
2022-02-03,0.941978394985199,0.50929489474076
2022-02-04,-0.9701270461082458,0.787650567637931
2022-02-07,0.0,0.676075312538772
2022-02-08,0.0,0.676075312538772
2022-02-09,0.909748375415802,0.7906750713799381
2022-02-10,0.0,0.6648419878789779
2022-02-11,0.0,0.4068518419699463
2022-02-14,0.0,0.4068518419699463
2022-02-15,0.0,0.4068518419699463
2022-02-16,0.0,0.0
2022-02-17,0.0,0.0
2022-02-18,0.0,0.0
2022-02-22,0.0,0.0
2022-02-23,0.9129748344421387,0.40829475831184764
2022-02-24,0.0,0.40829475831184764
2022-02-25,0.9573447704315186,0.5124482834692387
2022-02-28,0.0,0.5124482834692387
2022-03-01,0.0,0.5124482834692387
2022-03-02,0.9421312212944031,0.5202207317527882
2022-03-03,-0.9697203040122986,0.8018086722929602
2022-03-04,0.9541494250297546,0.8010410441804754
2022-03-07,0.6960245966911316,0.8210151785715024
2022-03-08,0.0,0.8210151785715024
2022-03-09,0.0,0.7487665490840053
2022-03-10,0.0,0.46104134958026444
2022-03-11,0.0,0.31127166244264876
2022-03-14,0.9570391774177551,0.42800093156731617
2022-03-15,0.0,0.42800093156731617
2022-03-16,-0.9700643420219421,0.6813433209095695
2022-03-17,0.0,0.6813433209095695
2022-03-18,0.0,0.6813433209095695
2022-03-21,0.0,0.4338259622619334
2022-03-22,-0.9700015187263489,0.5313089179530314
2022-03-23,0.9592320322990417,0.682093439667981
2022-03-24,-0.8723365664482117,0.7851790979065781
2022-03-25,-0.9760549068450928,0.8490270033439979
2022-03-28,-0.8539496660232544,0.8413856849054694
2022-03-29,0.0,0.8299585107755889
2022-03-30,0.0,0.495569059716131
2022-03-31,0.9380391240119934,0.7750338926563299
2022-04-01,0.0,0.6339821020520703
2022-04-04,0.0,0.4195038493690343
2022-04-05,0.0,0.4195038493690343
2022-04-06,0.0,0.4195038493690343
2022-04-07,-0.9755639433860779,0.43628545876180497
2022-04-08,0.0,0.43628545876180497
2022-04-11,0.0,0.43628545876180497
2022-04-12,0.9051161408424377,0.6652006572215364
2022-04-13,0.0,0.6652006572215364
2022-04-14,-0.9606773853302002,0.659833095699316
2022-04-18,-0.9625832438468933,0.7844391513380653
2022-04-19,0.0,0.7844391513380653
2022-04-20,0.0,0.5267070462959327
2022-04-21,0.0,0.5267070462959327
2022-04-22,0.0,0.43048031344878174
2022-04-25,-0.9726496338844299,0.43498213993117346
2022-04-26,0.0,0.43498213993117346
2022-04-27,-0.9739673137664795,0.5331032100833426
2022-04-28,0.9561225175857544,0.808179136085792
2022-04-29,0.0,0.808179136085792
2022-05-02,0.0,0.6824073031500076
2022-05-03,0.0,0.6824073031500076
2022-05-04,0.0,0.4275909888279968
2022-05-05,0.9352619051933289,0.41826183935564915
2022-05-06,0.9331527352333069,0.5116869660415286
2022-05-09,0.8573196530342102,0.49863823518364897
2022-05-10,0.0,0.49863823518364897
2022-05-11,0.0,0.49863823518364897
2022-05-12,0.0,0.4910735026761327
2022-05-13,0.9380391240119934,0.492506791321835
2022-05-16,0.9369637966156006,0.5134908382515473
2022-05-17,0.8849396705627441,0.5043511062612827
2022-05-18,0.0,0.5043511062612827
2022-05-19,0.0,0.5043511062612827
2022-05-20,0.9516132473945618,0.50697834177551
2022-05-23,0.0,0.5035128273095488
2022-05-24,-0.9752639532089233,0.6812847568873857
2022-05-25,0.0,0.6812847568873857
2022-05-26,0.9573681354522705,0.8060545344675744
2022-05-27,0.0,0.6833062038993605
2022-05-31,0.0,0.6833062038993605
2022-06-01,0.9357779026031494,0.5185155845051137
2022-06-02,0.0,0.5185155845051137
2022-06-03,-0.9687902927398682,0.6734272326552514
2022-06-06,0.9456453323364258,0.7971668946085566
2022-06-07,0.0,0.7971668946085566
2022-06-08,0.0,0.6768848846070971
2022-06-09,-0.9747927188873291,0.803717090822817
2022-06-10,0.0,0.679024304671208
2022-06-13,0.0,0.43594055668078185
2022-06-14,0.0,0.43594055668078185
2022-06-15,-0.9752402305603027,0.5340385405831626
2022-06-16,0.0,0.4361406899850806
2022-06-17,0.0,0.4361406899850806
2022-06-21,-0.922890305519104,0.5201538515009375
2022-06-22,0.9142760634422302,0.7818450643897169
2022-06-23,0.0,0.649540682938962
2022-06-24,0.0,0.649540682938962
2022-06-27,0.0,0.649540682938962
2022-06-28,-0.9570589065551758,0.6617205596902372
2022-06-29,0.0,0.4280097547057981
2022-06-30,0.0,0.4280097547057981
2022-07-01,0.9220630526542664,0.6644390644988901
2022-07-05,0.0,0.6644390644988901
2022-07-06,0.0,0.4123591330551812
2022-07-07,0.0,0.4123591330551812
2022-07-08,0.0,0.4123591330551812
2022-07-11,0.0,0.0
2022-07-12,0.0,0.0
2022-07-13,0.6779741644859314,0.30319926375583284
2022-07-14,0.0,0.3031992637558329
2022-07-15,-0.5288482904434204,0.4286262290018938
2022-07-18,-0.7501313090324402,0.5544783485918453
2022-07-19,0.9522435665130615,0.7389385339397977
2022-07-20,0.9093608260154724,0.7918636383647082
2022-07-21,0.9073281288146973,0.8595543625063607
2022-07-22,0.9551773071289062,0.7521802106580645
2022-07-25,0.0,0.41698745195296677
2022-07-26,0.957239031791687,0.41761418764615854
2022-07-27,-0.7376178503036499,0.7630439745291563
2022-07-28,0.6822672486305237,0.7328881758474927
2022-07-29,0.941710352897644,0.730226394660034
2022-08-01,0.0,0.730226394660034
2022-08-02,0.0,0.6594051028534904
2022-08-03,0.0,0.4541052568665752
2022-08-04,0.6032134294509888,0.43969504533578335
2022-08-05,0.9455678462982178,0.4410839787956496
2022-08-08,0.0,0.4410839787956496
2022-08-09,0.0,0.4410839787956496
2022-08-10,0.0,0.4410839787956496
2022-08-11,0.0,0.42287079633217733
2022-08-12,0.7251756191253662,0.32430839599796274
2022-08-15,0.0,0.32430839599796274
2022-08-16,0.958268404006958,0.46833782061881113
2022-08-17,0.0,0.46833782061881113
2022-08-18,0.0,0.46833782061881113
2022-08-19,0.0,0.4285506584099577
2022-08-22,0.0,0.4285506584099577
2022-08-23,0.0,0.0
2022-08-24,0.0,0.0
2022-08-25,0.0,0.0
2022-08-26,0.0,0.0
2022-08-29,0.952499508857727,0.42597073006820785
2022-08-30,0.0,0.42597073006820785
2022-08-31,0.0,0.42597073006820785
2022-09-01,0.0,0.42597073006820785
2022-09-02,0.0,0.42597073006820785
2022-09-06,0.9221628308296204,0.41240375521173367
2022-09-07,0.9582543969154358,0.5151315331280407
2022-09-08,0.9489381909370422,0.5167371306924778
2022-09-09,-0.9458434581756592,0.8447212339419818
2022-09-12,0.0,0.844721233941982
2022-09-13,0.0,0.7950654999706386
2022-09-14,0.9241471886634827,0.7869555336449511
2022-09-15,0.0,0.6611682327642032
2022-09-16,0.9229493141174316,0.5058483875202526
2022-09-19,0.0,0.5058483875202526
2022-09-20,0.0,0.5058483875202526
2022-09-21,-0.9757693409919739,0.6714542523884152
2022-09-22,0.0,0.6714542523884152
2022-09-23,0.9503065943717957,0.6810063802625754
2022-09-26,0.0,0.6810063802625754
2022-09-27,0.0,0.6810063802625754
2022-09-28,0.8766723871231079,0.5010156329611425
2022-09-29,-0.976601243019104,0.7875212101743775
2022-09-30,0.9046941995620728,0.7764094611187209
2022-10-03,0.0,0.7764094611187209
2022-10-04,0.8891891837120056,0.8302916766410056
2022-10-05,0.0,0.7793088231988314
2022-10-06,-0.9765568971633911,0.7792926047976881
2022-10-07,0.0,0.6600746462251575
2022-10-10,0.0,0.6600746462251575
2022-10-11,0.0,0.4367295211907226
2022-10-12,0.0,0.4367295211907226
2022-10-13,0.9472182989120483,0.42360890117981087
2022-10-14,0.0,0.42360890117981087
2022-10-17,0.0,0.42360890117981087
2022-10-18,0.6028270125389099,0.4416148829382343
2022-10-19,0.0,0.4416148829382343
2022-10-20,0.952104389667511,0.44337930791738717
2022-10-21,0.0,0.44337930791738717
2022-10-24,0.8219860792160034,0.451557567647062
2022-10-25,0.9422906637191772,0.49858055684848773
2022-10-26,0.0,0.49858055684848773
2022-10-27,0.9527855515480042,0.498720265824293
2022-10-28,0.8593812584877014,0.4036457501691186
2022-10-31,0.0,0.5041926602664009
2022-11-01,0.0,0.4973798209616929
2022-11-02,0.9456790089607239,0.5048520898234103
2022-11-03,0.0,0.4952767967522419
2022-11-04,0.0,0.4229205097861622
2022-11-07,0.9547244310379028,0.5204567417802034
2022-11-08,0.9561483860015869,0.5215480793603771
2022-11-09,0.6193041801452637,0.48189651778232245
2022-11-10,-0.8597420454025269,0.7730365356542449
2022-11-11,0.8278611898422241,0.7722483335767492
2022-11-14,0.0,0.7492905332269526
2022-11-15,0.0,0.6593623755894802
2022-11-16,0.9469501376152039,0.7337838133975945
2022-11-17,0.0,0.4878723355454265
2022-11-18,0.0,0.4234889758020753
2022-11-21,0.9489266872406006,0.5192077218902394
2022-11-22,0.9216467142105103,0.5145195108213463
2022-11-23,0.0,0.5123684107966588
2022-11-25,0.9268353581428528,0.5108373398219911
2022-11-28,0.0,0.5108373398219911
2022-11-29,0.0,0.5062309879285501
2022-11-30,0.900126576423645,0.5004232340271958
2022-12-01,0.0,0.5004232340271958
2022-12-02,0.0,0.402548842647486
2022-12-05,0.9615761041641235,0.5103109550808382
2022-12-06,0.0,0.5103109550808382
2022-12-07,0.0,0.4300299068900798
2022-12-08,0.0,0.4300299068900798
2022-12-09,-0.969833493232727,0.6828601562180578
2022-12-12,0.9512874484062195,0.679237812355781
2022-12-13,-0.9767235517501831,0.8064430228882752
2022-12-14,-0.9752172231674194,0.8622642694731155
2022-12-15,0.9546872973442078,1.055417031884303
2022-12-16,0.0,0.964493467959217
2022-12-19,0.9546849727630615,0.9653401403541011
2022-12-20,0.0,0.8061282055212634
2022-12-21,0.0,0.522903131506945
2022-12-22,0.0,0.426948099239148
2022-12-23,0.8278611898422241,0.4902253008828758
2022-12-27,0.0,0.3702307792842141
2022-12-28,-0.9524944424629211,0.6303755077408169
2022-12-29,0.0,0.6303755077408169
2022-12-30,0.0,0.6303755077408169
2023-01-03,0.0,0.4259684643075706
2023-01-04,0.39477062225341797,0.5002195356019408
2023-01-05,0.0,0.1765467893757066
2023-01-06,0.0,0.1765467893757066
2023-01-09,0.9524592757225037,0.41833504410464606
2023-01-10,0.0,0.41833504410464606
2023-01-11,0.9540956020355225,0.522131877343449
2023-01-12,-0.954658567905426,0.7980646518400627
2023-01-13,0.0,0.7980646518400627
2023-01-17,0.9161967635154724,0.7895268928758573
2023-01-18,0.0,0.7895268928758573
2023-01-19,-0.9420368075370789,0.7819762355576972
2023-01-20,0.8989009261131287,0.7717554130730527
2023-01-23,0.9089245200157166,0.825518340138343
2023-01-24,0.0,0.7700133134343483
2023-01-25,0.8085552453994751,0.8084980057641953
2023-01-26,0.0,0.47928036114455086
2023-01-27,-0.9654533863067627,0.758105677677099
2023-01-30,0.9455678462982178,0.7673917508526801
2023-01-31,-0.5738080143928528,0.8366574726369519
2023-02-01,0.9240407347679138,0.8642163875530418
2023-02-02,0.775403618812561,0.9173357504298413
2023-02-03,0.0,0.6746256156783825
2023-02-06,0.9371811151504517,0.67298271923761
2023-02-07,0.0,0.48555425075385994
2023-02-08,0.954476535320282,0.49192009216870386
2023-02-09,0.0,0.5180878703836738
2023-02-10,0.0,0.5180878703836738
2023-02-13,0.0,0.4268548831809257
2023-02-14,-0.9671982526779175,0.6794235696606572
2023-02-15,0.8675944805145264,0.6492704483334837
2023-02-16,0.9433388710021973,0.7803369600281151
2023-02-17,0.9488463997840881,0.8419799096012316
2023-02-21,0.0,0.8419799096012316
2023-02-22,0.0,0.5048863841024538
2023-02-23,0.0,0.5181999363495744
2023-02-24,0.0,0.4243370100246325
2023-02-27,-0.6781283020973206,0.3032681961912242
2023-02-28,0.0,0.3032681961912242
2023-03-01,0.0,0.3032681961912242
2023-03-02,0.0,0.3032681961912242
2023-03-03,0.0,0.3032681961912242
2023-03-06,0.0,0.0
2023-03-07,0.8640221357345581,0.3864024459134043
2023-03-08,0.0,0.3864024459134043
2023-03-09,0.0,0.3864024459134043
2023-03-10,-0.8420306444168091,0.6032108114163359
2023-03-13,0.4988999664783478,0.642297721381487
2023-03-14,-0.9720560908317566,0.6238722984438702
2023-03-15,0.0,0.6238722984438702
2023-03-16,-0.9339857697486877,0.6639623149885339
2023-03-17,0.9452290534973145,0.8539480235179091
2023-03-20,0.0,0.7946773205743007
2023-03-21,0.0,0.6644099072452537
2023-03-22,0.0,0.6644099072452537
2023-03-23,0.7567687630653381,0.47084966040395065
2023-03-24,0.8255170583724976,0.4340079752351278
2023-03-27,0.0,0.4340079752351278
2023-03-28,0.0,0.4340079752351278
2023-03-29,0.0,0.4340079752351278
2023-03-30,0.0,0.369182451821313
2023-03-31,0.0,0.0
2023-04-03,0.9238259792327881,0.41314753778896435
2023-04-04,0.0,0.41314753778896435
2023-04-05,0.0,0.41314753778896435
2023-04-06,0.0,0.41314753778896435
2023-04-10,-0.9726496338844299,0.6706386881828071
2023-04-11,0.0,0.43498213993117335
2023-04-12,0.0,0.43498213993117335
2023-04-13,0.0,0.43498213993117335
2023-04-14,0.9568198323249817,0.6821842466120203
2023-04-17,0.9434812664985657,0.5204402555832288
2023-04-18,0.9388595819473267,0.5183993952859574
2023-04-19,-0.7574671506881714,0.7736577570399705
2023-04-20,0.8231383562088013,0.7501369852715344
2023-04-21,0.6657158732414246,0.7245326668056576
2023-04-24,-0.9682438373565674,0.9239700633832234
2023-04-25,0.9560032486915588,0.9276980741280243
2023-04-26,0.0,0.7962561065079673
2023-04-27,-0.9451435208320618,0.8903507970086997
2023-04-28,0.0,0.8002214925311477
2023-05-01,0.7650909423828125,0.7536880568355123
2023-05-02,-0.9767246842384338,0.7357011633118219
2023-05-03,-0.9755639433860779,0.7866067533556217
2023-05-04,0.5239587426185608,0.8181741641478197
2023-05-05,0.0,0.8181741641478197
2023-05-08,0.9491443634033203,0.8710912911629387
2023-05-09,0.0,0.7206982292385705
2023-05-10,0.0,0.4305232962199765
2023-05-11,0.0,0.4244702634061175
2023-05-12,0.0,0.4244702634061175
2023-05-15,0.5239587426185608,0.2343214731800835
2023-05-16,0.0,0.2343214731800835
2023-05-17,-0.5422613024711609,0.3769990342775135
2023-05-18,0.0,0.3769990342775135
2023-05-19,0.0,0.3769990342775135
2023-05-22,0.0,0.242506626778618
2023-05-23,0.0,0.242506626778618
2023-05-24,0.0,0.0
2023-05-25,0.0,0.0
2023-05-26,0.0,0.0
2023-05-30,0.9538676738739014,0.4265825920643287
2023-05-31,0.0,0.4265825920643287
2023-06-01,0.9481436610221863,0.5208911876734723
2023-06-02,-0.9515085816383362,0.7958513406000279
2023-06-05,-0.956939697265625,0.9526192601825183
2023-06-06,0.0,0.7961848992611211
2023-06-07,0.9330953359603882,0.9474435872463954
2023-06-08,-0.9726866483688354,0.8483685427301229
2023-06-09,0.9295350909233093,0.9481109640676042
2023-06-12,0.0,0.7941066870043928
2023-06-13,0.0,0.7941066870043928
2023-06-14,0.0,0.6726407640395444
2023-06-15,0.0,0.4157007301551935
2023-06-16,0.0,0.0
2023-06-20,0.0,0.0
2023-06-21,0.0,0.0
2023-06-22,-0.8130152821540833,0.36359148752854037
2023-06-23,0.9403046369552612,0.6208715936742696
2023-06-26,0.0,0.6208715936742696
2023-06-27,0.0,0.6208715936742696
2023-06-28,0.9502047300338745,0.7442877447102518
2023-06-29,0.9574507474899292,0.5199996178831808
2023-06-30,0.0,0.5224392497368613
2023-07-03,0.9441308975219727,0.5206839273311766
2023-07-05,0.0,0.5206839273311766
2023-07-06,0.0,0.5207908733348338
2023-07-07,0.827362060546875,0.486896721797989
2023-07-10,0.0,0.486896721797989
2023-07-11,0.7919335961341858,0.4436392439722744
2023-07-12,0.9315211772918701,0.4685310020600794
2023-07-13,-0.9726866483688354,0.8104688215831719
2023-07-14,-0.6754868626594543,0.8509052368325345
2023-07-17,-0.9737822413444519,0.9596983111496499
2023-07-18,0.0,0.8134604422336401
2023-07-19,0.8913910984992981,0.7978503865598642
2023-07-20,0.830268919467926,0.8496191551831725
2023-07-21,-0.9740656018257141,0.9179798517508609
2023-07-24,0.0,0.7617330378106756
2023-07-25,0.0,0.7617330378106756
2023-07-26,0.0,0.639142937480167
2023-07-27,0.0,0.43561538004530803
2023-07-28,0.0,0.0
2023-07-31,0.6642884016036987,0.2970788045301102
2023-08-01,0.0,0.2970788045301102
2023-08-02,0.9379512071609497,0.4493320583769372
2023-08-03,0.9208571314811707,0.4732351349994509
2023-08-04,-0.9743357300758362,0.8121895384849329
2023-08-07,0.7347955703735352,0.8204540026247631
2023-08-08,0.0,0.8204540026247631
2023-08-09,0.9188172817230225,0.8169106091075058
2023-08-10,0.8656054735183716,0.8070657084960475
2023-08-11,0.8690523505210876,0.384902233109916
2023-08-14,-0.9507335424423218,0.8174317285494559
2023-08-15,0.8042085766792297,0.8127785558755906
2023-08-16,0.9001989960670471,0.8104273064736656
2023-08-17,0.0,0.8046129104405729
2023-08-18,0.0,0.749566379191756
2023-08-21,-0.9509196281433105,0.7496347427214743
2023-08-22,0.952555239200592,0.7841088450775521
2023-08-23,0.9508130550384521,0.7959622158492756
2023-08-24,0.0,0.7959622158492756
2023-08-25,0.0,0.7959622158492756
2023-08-28,0.9434811472892761,0.5197723723189601
2023-08-29,0.0,0.5187803089765828
2023-08-30,-0.7036414742469788,0.5860382636436259
2023-08-31,0.9561132788658142,0.7094645708135721
2023-09-01,0.9510120153427124,0.7553066828778939
2023-09-05,0.0,0.7113390750282806
2023-09-06,0.0,0.7113390750282806
2023-09-07,0.0,0.522290885854749
2023-09-08,0.0,0.42530550274507567
2023-09-11,-0.9762881994247437,0.43660935590891975
2023-09-12,0.0,0.43660935590891975
2023-09-13,0.0,0.43660935590891975
2023-09-14,0.0,0.43660935590891975
2023-09-15,-0.9737187027931213,0.534032156514396
2023-09-18,0.0,0.4354602420816669
2023-09-19,0.0,0.4354602420816669
2023-09-20,0.9561483860015869,0.6823280195434099
2023-09-21,0.0,0.6823280195434099
2023-09-22,0.8761433362960815,0.5025903626884816
2023-09-25,0.0,0.5025903626884816
2023-09-26,0.0,0.5025903626884816
2023-09-27,0.0,0.39182321159829964
2023-09-28,0.8966372609138489,0.4855500268320246
2023-09-29,0.0,0.40098837331251647
2023-10-02,0.0,0.40098837331251647
2023-10-03,0.0,0.40098837331251647
2023-10-04,0.0,0.40098837331251647
2023-10-05,0.0,0.0
2023-10-06,0.0,0.0
2023-10-09,0.0,0.0
2023-10-10,0.0,0.0
2023-10-11,0.8963502049446106,0.4008599979804037
2023-10-12,0.0,0.4008599979804037
2023-10-13,-0.9764164090156555,0.6624859572648323
2023-10-16,-0.9672189950942993,0.7862862106911741
2023-10-17,0.0,0.7862862106911741
2023-10-18,-0.9762881994247437,0.5331157159816364
2023-10-19,0.0,0.5331157159816363
2023-10-20,0.9471642971038818,0.8042436827028233
2023-10-23,0.0,0.6800899230445596
2023-10-24,0.0,0.6800899230445596
2023-10-25,0.0,0.4235847508370175
2023-10-26,0.0,0.4235847508370175
2023-10-27,0.0,0.0
2023-10-30,0.9434469938278198,0.42192232227336607
2023-10-31,0.9339288473129272,0.5141515613674187
2023-11-01,0.0,0.5141515613674187
2023-11-02,0.8544405102729797,0.4999549459779531
2023-11-03,-0.9410449266433716,0.8271301291828228
2023-11-06,0.0,0.7655497196697308
2023-11-07,0.9475130438804626,0.7689574719866086
2023-11-08,0.0,0.7689574719866086
2023-11-09,0.0,0.6677084234485757
2023-11-10,0.8529083728790283,0.4941988985382103
2023-11-13,0.9532470107078552,0.5043251834352851
2023-11-14,0.9344913959503174,0.5017912342344824
2023-11-15,-0.9306796193122864,0.8246779757336377
2023-11-16,-0.9731701612472534,1.0225685304786973
2023-11-17,0.9624190330505371,1.0419128450953752
2023-11-20,0.9569025635719299,1.0425840225328604
2023-11-21,0.0,0.9559144512553508
2023-11-22,0.8646627068519592,0.8486467314455761
2023-11-24,0.0,0.5097648447006283
2023-11-27,0.9491884112358093,0.507160615567025
2023-11-28,-0.8818626999855042,0.7504268078859005
2023-11-29,0.8910642266273499,0.7993080327937582
2023-11-30,0.5128299593925476,0.7587379138495212
2023-12-01,0.0,0.7587379138495212
2023-12-04,0.0,0.6671147709294534
2023-12-05,0.8031606078147888,0.42656734889500364
2023-12-06,0.9555516242980957,0.4441732911648484
2023-12-07,0.0,0.4846473268180312
2023-12-08,0.9523863792419434,0.4987921781442935
2023-12-11,0.0,0.4987921781442935
2023-12-12,0.9546141624450684,0.5226293956064378
2023-12-13,0.8683154582977295,0.5078936821990441
2023-12-14,0.0,0.5078936821990441
2023-12-15,-0.9625832438468933,0.7816308684325872
2023-12-18,0.0,0.7816308684325872
2023-12-19,0.0,0.647835039453551
2023-12-20,0.9554272294044495,0.6781219378389353
2023-12-21,0.6864582896232605,0.744705035433761
2023-12-22,-0.9664496183395386,0.7461314072736965
2023-12-26,0.0,0.7461314072736965
2023-12-27,0.0,0.7461314072736965
2023-12-28,-0.9765215516090393,0.7146816188439039
2023-12-29,0.959672749042511,0.8085814482612593
